id,user_name,ip_address
1,Rpetett0,158.38.154.211
2,g_miliffe1,195.207.67.230
3,mleates2,211.119.220.249
4,vbellon3,53.231.143.189
5,Callies0,239.19.9.156
6,malenikov5,20.100.86.35
7,spatchett6,84.82.61.43
8,aabella7,166.224.203.73
9,tim,159.138.136.174
10,lhamelyn9,83.248.1.104
11,tgreddena,52.2.93.202
12,bruffleb,249.24.237.121
13,flowtherc,144.34.253.161
14,lt_cornelleaud,110.189.74.132
15,clabate,163.30.45.154
16,vwilsonef,81.154.194.172
17,dpedroccog,16.53.50.97
18,poohBARE,30.172.33.84
19,pmobleyi,145.7.178.42
20,flowenj,6.118.11.215
21,jpalink,146.99.140.136
22,djaggerl,26.245.66.124
23,mstrivensm,198.0.121.14
24,hjakabn,175.160.115.201
25,cgoldsberryo,98.222.47.221
26,rcasinep,136.99.226.160
27,calesinq,101.172.226.23
28,bananaMan,110.213.135.201
29,icleatons,180.94.132.111
30,kbillot,51.132.28.154
31,MrBluth00,83.45.117.159
32,kokidko2,159.214.185.65
33,tfouxw,154.77.103.9
34,gbroadbentx,175.76.169.2
35,McSniff,89.247.176.253
36,ufaringtonz,211.237.215.195
37,mmingauld10,3.126.154.106
38,mcolpus11,73.109.77.133
39,SPICYnanner,247.181.125.39
40,JayBoland2,224.217.195.82
41,gbathersby14,244.240.82.72
42,kmarcus15,215.197.14.166
43,mwalesa16,13.105.48.57
44,elDiggs,131.199.125.56
45,cprescote18,168.223.218.174
46,bmasterman19,166.106.240.12
47,Meesherino,130.191.100.1
48,another1b,118.56.62.38
49,mseabert1c,117.175.55.80
50,santonetti1d,195.63.6.193
51,Rothdaddyflex,135.8.7.105
52,hchurly1f,242.137.162.40
53,ftortoise1g,3.157.161.34
54,lgoodwins1h,109.130.64.132
55,dlarkings1i,129.163.43.174
56,hHeffnerBoi,137.246.234.102
57,ghaydon1k,9.97.247.209
58,hmorphey1l,238.159.117.102
59,OverlordZ,154.216.83.92
60,mlyburn1n,164.174.211.9
61,yleckey1o,251.127.28.21
62,mgravie1p,144.131.59.222
63,clivingstone1q,177.10.97.52
64,slynagh1r,96.74.139.133
65,redditor4,112.58.9.117
66,rreed1t,174.17.38.106
67,hbresnen1u,185.153.2.1
68,basedGaud,13.6.20.105
69,mcumberledge1w,189.36.94.73
70,cthurbon1x,150.117.227.24
71,dmulles1y,179.114.224.165
72,amaclaughlin1z,12.220.179.64
73,fbroadhead20,88.20.158.6
74,lsargant21,89.231.218.163
75,Jmiller67,125.11.126.16
76,bwickenden23,170.96.128.169
77,lstrickler24,86.149.28.141
78,cbulluck25,123.32.103.12
79,astarsmeare26,31.175.43.201
80,adearl27,139.101.225.18
81,tunaharpoonah,220.226.118.230
82,cspadotto29,84.252.53.115
83,lcockshoot2a,55.82.211.143
84,lnuzzetti2b,190.245.161.162
85,jbrowett2c,105.191.214.112
86,fgeyton2d,221.174.88.78
87,bsawdy2e,103.180.51.92
88,ahartzogs2f,216.124.51.145
89,kmaylin2g,189.199.76.128
90,dataBoi,134.160.234.176
91,chillZwickelson,239.105.163.55
92,erandell2j,234.233.200.6
93,dhulkes2k,46.53.52.64
94,ablankley2l,153.112.211.234
95,mcoston2m,19.158.13.89
96,jchallen2n,130.184.139.64
97,acoatman2o,162.169.127.214
98,gwestover2p,73.81.53.23
99,scummungs2q,4.20.134.243
100,spachai,40.211.12.114
101,skc2323,154.88.76.22
102,jdallimore2t,61.84.166.136
103,epapierz2u,201.238.161.230
104,zmordon2v,196.34.67.63
105,WasimTheDream,199.164.38.171
106,ssultan2x,18.22.15.144
107,peanutbutther,1.203.56.169
108,vsuggitt2z,155.216.87.194
109,cwigfall30,245.97.248.37
110,nitzkovsky31,90.16.66.31
111,kskains32,90.77.213.125
112,agladman33,47.180.35.29
113,nmccome34,124.178.2.86
114,mdoxey-35,244.164.87.177
115,giancarlo36,231.4.113.6
116,otong37,146.149.210.164
117,nbree38,82.134.72.26
118,apretley39,106.0.70.183
119,tZee,24.112.136.65
120,echilley3b,43.209.178.175
121,amaccaffrey3c,31.54.168.145
122,cellor3d,4.104.38.175
123,caseE63,48.194.126.234
124,balasdair3f,81.224.48.56
125,rgoodwin3g,8.85.57.0
126,pluciani3h,69.210.3.152
127,jgoadby3i,191.23.77.206
128,pkanter3j,149.238.30.11
129,pboxe3k,15.92.101.221
130,gpersitt3l,50.114.71.197
131,mneely3m,82.28.49.25
132,rpacher3n,209.49.80.212
133,tmacelane3o,137.58.32.21
134,frittelmeyer3p,95.226.249.112
135,flougheed3q,111.236.81.73
136,wendellA,157.243.216.213
137,amcgaraghan3s,158.120.162.121
138,eeburne3t,78.65.53.212
139,fmorfett3u,237.132.80.139
140,bfliege3v,224.45.202.145
141,ktrebilcock3w,184.66.98.184
142,estellman3x,85.166.101.160
143,eshotboult3y,200.4.55.226
144,lmckerley3z,111.250.182.55
145,sciepluch40,61.189.155.126
146,mmateos41,92.136.56.239
147,ilandon42,171.108.229.41
148,Tgalland43,27.109.45.75
149,tpetrusch44,155.217.25.49
150,tdipietro45,51.31.33.77
151,bgini46,0.210.46.190
152,salessandrelli47,40.60.36.122
153,ravraam48,61.235.130.117
154,rcannicott49,144.78.154.158
155,agrigaut4a,45.224.107.184
156,lholsey4b,244.137.74.72
157,hduffet4c,53.0.242.95
158,bshevelin4d,135.22.24.198
159,atomankiewicz4e,32.69.109.178
160,kpaulat4f,242.213.44.132
161,ybarosch4g,46.165.233.176
162,aburgisi4h,124.144.15.12
163,glinzey4i,166.126.102.198
164,atuft4j,102.89.54.144
165,unarey4k,116.2.229.176
166,lover45,16.81.26.107
167,gstirland4m,90.77.11.88
168,WhisperingCrescent,44.117.185.158
169,fskoughman4o,184.39.175.116
170,hhalwell4p,120.58.233.21
171,aparlatt4q,120.26.242.116
172,shinks4r,109.190.16.83
173,tivery4s,237.108.182.142
174,jciccarello4t,83.132.253.22
175,fleonarde4u,125.70.119.2
176,mtulleth4v,148.38.161.182
177,fbuddles4w,64.140.142.0
178,vchavey4x,131.138.20.102
179,solyunin4y,191.111.243.95
180,jhannaway4z,238.6.249.97
181,wyannikov50,71.28.249.153
182,jgunny51,57.113.187.226
183,bwadeling52,32.34.99.143
184,gcriag53,175.166.232.67
185,sammysweathaht,239.67.175.76
186,jredgewell55,240.53.99.142
187,bcasacchia56,198.97.218.3
188,fmillan57,35.95.104.60
189,speyntue58,54.127.18.199
190,beger59,233.160.121.14
191,csailor5a,50.154.99.189
192,gklaaassen5b,153.141.193.74
193,cevitt5c,195.153.198.249
194,ryetts5d,21.227.125.236
195,strinkwon5e,202.204.160.18
196,bjobling5f,83.13.242.118
197,jwallentin5g,92.7.168.127
198,kburtenshaw5h,66.237.227.116
199,enewborn5i,190.159.90.190
200,ctonbye5j,210.162.5.174
201,sblakeway5k,164.6.111.123
202,swickrath5l,124.139.105.0
203,mdecristoforo5m,242.159.236.125
204,hwelham5n,137.106.62.78
205,hbonevant5o,244.27.210.190
206,coager5p,10.104.13.246
207,lstrutton5q,108.24.250.159
208,glicciardiello5r,81.104.10.30
209,rdanser5s,71.96.59.140
210,cbrucker5t,99.184.205.94
211,abuyers5u,20.178.24.103
212,cwraight5v,67.215.161.56
213,ltickel5w,171.177.180.177
214,balhirsi5x,202.46.196.207
215,vwoolway5y,155.84.125.81
216,bastill5z,109.136.182.135
217,vramsby60,133.254.243.127
218,fsalack61,159.195.185.161
219,maldam62,43.244.253.117
220,tlonghorn63,19.15.15.17
221,uniblock64,16.74.151.200
222,agheorghie65,149.240.121.30
223,ohold66,133.247.61.234
224,tbridgman67,242.221.218.41
225,tpointin68,27.107.210.219
226,mroden69,82.42.186.113
227,tedgeler6a,193.58.8.179
228,drudloff6b,165.37.150.51
229,bmicka6c,87.248.196.92
230,lsimonsson6d,250.105.148.208
231,onugent6e,35.39.160.113
232,spresnail6f,89.166.49.43
233,amauger6g,119.106.153.46
234,cyukhnevich6h,19.105.115.6
235,ftonepohl6i,0.24.99.155
236,mfarrin6j,166.182.9.125
237,rclayill6k,133.197.146.164
238,tbaffin6l,228.226.39.8
239,nalhirsi6m,152.33.106.197
240,skrill_x,235.85.95.27
241,kbedell6o,108.118.34.127
242,plivsey6p,201.112.136.171
243,ebiaggetti6q,106.157.16.192
244,big_cat00,248.80.17.242
245,gmcilvenny6s,69.173.79.255
246,aeskriet6t,212.149.29.194
247,PFTcommenter,23.240.104.184
248,kknightley6v,89.165.203.34
249,arielle,206.92.199.8
250,thecolonel,168.160.98.131
251,shortyshorts,74.29.242.144
252,gwebley6z,153.240.70.232
253,hhember70,236.211.206.109
254,csaull71,228.5.204.149
255,imatias72,140.47.95.18
256,nsheen73,89.119.208.90
257,acrooke74,228.76.70.167
258,iscutchin75,124.79.121.150
259,ijunes76,187.67.21.42
260,rmuffen77,80.126.114.6
261,teddie2,37.200.212.93
262,howlingMoon,183.180.23.108
263,iridout7a,204.139.0.148
264,ydyos7b,51.128.51.165
265,ibownas7c,93.206.15.213
266,kredihalgh7d,239.184.148.149
267,cbanstead7e,73.88.230.145
268,HOUSTONBBALL,244.149.207.115
269,sgian7g,85.162.238.247
270,srait7h,51.222.144.133
271,qsorby7i,49.2.88.46
272,adannehl7j,39.10.209.190
273,PerryDaPlaty,234.219.117.232
274,Ligma,77.93.153.124
275,tmaccrosson7m,221.181.26.111
276,alotwich7n,187.237.3.238
277,maronov7o,69.142.24.167
278,scrimes7p,12.215.155.7
279,rhaversum7q,127.36.6.219
280,ahackelton7r,11.193.79.183
281,dsharma,146.110.184.215
282,g-patel7t,202.254.7.36
283,a_grut7u,67.45.255.150
284,Stattersall7v,161.41.214.119
285,Bcoker7w,70.53.118.216
286,gwernham7x,62.164.173.103
287,phollow7y,147.59.87.107
288,zhenriques7z,68.42.255.174
289,jliley80,120.184.218.17
290,sdomokos81,247.181.234.69
291,sborland82,20.180.110.53
292,tbachelar83,237.13.186.132
293,gyetts84,154.213.108.15
294,amichal85,140.134.161.211
295,ggalbreath86,26.20.111.111
296,hrebeiro87,163.13.0.171
297,mvanderdaal88,212.64.255.52
298,v_gocke89,86.141.76.19
299,bwarland8a,190.136.0.36
300,jbranthwaite8b,35.247.3.126
301,mmeriguet8c,16.101.220.239
302,tdegoey8d,38.9.7.190
303,csodeau8e,95.54.169.206
304,lpartington8f,212.59.201.21
305,nlethley8g,216.37.25.207
306,sdavys8h,107.94.255.253
307,mhussein,203.106.213.225
308,Gminichi8j,117.140.6.15
309,abatram8k,232.142.254.31
310,dguyon8l,46.182.211.222
311,upigott8m,180.131.106.205
312,ybootton8n,121.236.102.253
313,ttoby8o,243.54.24.249
314,celvins8p,86.124.63.167
315,tguinane8q,42.56.69.8
316,vfray8r,84.226.1.44
317,cbraysher8s,187.167.110.111
318,bbaggally8t,200.117.144.73
319,beans,224.254.209.10
320,sphillot8v,41.59.238.98
321,alaible8w,78.120.111.34
322,llowsely8x,197.201.251.133
323,asimeone8y,95.124.41.110
324,buglow8z,112.92.85.112
325,dgerrietz90,241.80.199.169
326,itevelov91,95.108.100.83
327,pclayson92,41.247.86.251
328,lshevlin93,30.240.200.82
329,lmcgilvary94,135.229.117.253
330,purplecow,92.158.89.72
331,kdaen96,14.217.162.33
332,hwise97,17.39.67.177
333,fdumbellow98,228.170.164.110
334,jcoyett99,234.197.194.57
335,frylstone9a,7.77.240.186
336,augacaliente,207.212.252.200
337,emabley9c,215.101.219.20
338,flapslie9d,249.248.147.106
339,bhambleton9e,17.151.11.21
340,wpruce9f,219.108.239.10
341,vgibben9g,11.161.120.13
342,cpeerman9h,116.54.161.240
343,owoodroffe9i,205.60.152.185
344,mbyllam9j,69.129.55.101
345,ijankiewicz9k,242.53.105.187
346,ccoldtart9l,77.60.232.11
347,kleidecker9m,37.47.120.163
348,STONAH,112.215.87.56
349,ivesco9o,38.6.111.13
350,wkensall9p,1.199.161.149
351,awharlton9q,18.253.94.70
352,clocker9r,65.3.184.107
353,nprimo9s,81.90.14.254
354,bfletham9t,79.59.19.2
355,velgey9u,111.47.110.246
356,DRADCLIFFE,43.1.216.39
357,mgoodyear9w,216.66.10.154
358,vcollie9x,103.166.114.218
359,slowman752,33.38.191.242
360,ElonMuskOfficiale,224.227.199.135
361,ukinneara0,9.220.2.194
362,rhaslewooda1,205.238.87.51
363,rjumonta2,16.72.33.225
364,cmaceka_3,101.22.85.179
365,asouthona4,69.186.240.52
366,slathayea5,248.232.129.151
367,bskat3r,176.210.104.151
368,vbrandhama7,76.73.53.92
369,jroseta8,211.58.194.89
370,nhimswortha9,177.116.156.40
371,JJkitleyaa,110.99.149.202
372,btomaschkeab,94.14.41.219
373,sjosephiac,181.169.68.193
374,aaubriad,228.94.10.250
375,mdyzartae,186.55.97.148
376,_vaprilaf,108.80.18.65
377,gchristiensenag,154.164.31.58
378,hoagah,245.203.126.116
379,bricardinai,55.242.3.119
380,hkinsetaj,98.83.193.225
381,eblountak,82.164.163.247
382,iphilippsohnal,15.7.107.112
383,skadaram,227.207.239.26
384,wkrimmeran,221.8.119.169
385,kgathercoleao,188.191.72.58
386,amccathyap,170.17.194.215
387,aovendenaq,19.109.184.219
388,ewaslinar,14.165.105.5
389,lhegartyas,44.199.163.200
390,hfyersat,34.99.234.234
391,bclaxtonau,100.244.132.201
392,ibeavisav,41.135.151.101
393,melsbyaw,110.226.69.181
394,ffridax,41.217.142.18
395,gbunyanay,169.70.232.133
396,lwaleworkeaz,162.152.224.195
397,hpalleb0,180.190.88.110
398,mzohrerb1,25.134.147.10
399,wtoveyb2,188.243.203.138
400,tgallihawkb3,173.76.237.31
401,parnouldb4,240.254.183.175
402,amaghullb5,171.73.220.36
403,sboarb6,26.243.155.107
404,ewarbrickb7,238.244.143.141
405,sbuxcyb8,46.116.173.119
406,htitmussb9,92.105.158.115
407,adinsellba,65.238.12.128
408,efeckeybb,215.134.212.240
409,ewintourbc,248.193.85.69
410,dvandermerwebd,167.153.86.181
411,lstookebe,248.120.223.16
412,iguillotonbf,32.228.189.170
413,dcottubg,93.246.189.33
414,bhinksenbh,69.2.134.43
415,rfoylebi,29.216.200.90
416,dkachelerbj,1.232.202.58
417,vthyingbk,54.10.187.19
418,lenrricobl,189.70.232.205
419,member_berries,68.97.11.85
420,amustobn,217.121.48.178
421,bsteeplesbo,9.3.35.85
422,arobertetbp,254.7.155.110
423,smckillopbq,236.248.239.41
424,csweedbr,159.248.159.115
425,swhitchurchbs,188.192.189.13
426,rpirsonbt,4.38.52.176
427,apoebu,130.42.58.177
428,drusselbv,23.2.165.166
429,vmoorhousebw,200.255.94.242
430,ecoomesbx,88.178.1.133
431,jbannardby,81.214.220.55
432,awoofendenbz,184.186.31.82
433,ekernesc0,142.100.67.246
434,kheijnenc1,183.90.200.138
435,bhatzarc2,254.43.243.104
436,rbrimacombec3,116.245.80.149
437,ahuncotec4,68.27.39.155
438,roswaldc5,1.213.23.16
439,kelwinc6,128.103.136.112
440,ktommasic7,7.240.160.86
441,cgaytonc8,14.75.3.106
442,lsheronc9,136.60.30.6
443,ablackallerca,76.145.100.74
444,mepplecb,210.203.99.30
445,jhendroncc,253.177.213.184
446,gthorntondewhirstcd,169.117.58.226
447,lheintzece,115.77.162.141
448,cdioniscf,153.236.103.4
449,klippiattcg,69.115.5.1
450,rwinearch,235.37.162.85
451,ascrymgeourci,83.177.228.118
452,joseph22,94.94.118.66
453,lbuglassck,80.140.130.89
454,jathelstancl,166.122.67.243
455,kscipseycm,27.113.233.54
456,sdrynancn,76.68.122.70
457,msporeco,41.17.167.197
458,eharmoncp,39.75.137.236
459,rarentscq,164.93.82.228
460,wivshincr,243.2.113.55
461,swolpertcs,169.131.169.37
462,jwesthoferct,215.194.146.134
463,amedlingcu,137.155.229.101
464,mprevostcv,27.121.141.130
465,gdarbyshirecw,88.31.97.133
466,dcasellascx,174.83.190.185
467,kgoldscy,12.8.186.197
468,cwithringtoncz,218.150.195.168
469,naggd0,66.33.12.47
470,cjagerd1,25.189.40.12
471,cmepstedd2,174.14.121.59
472,cbeaumentd3,170.133.152.183
473,amatiashvilid4,137.189.242.195
474,dcoddd5,15.174.79.36
475,obarked6,119.47.81.87
476,fcrehand7,7.7.249.85
477,bdodmand8,142.244.220.198
478,aspeechleyd9,153.128.129.250
479,jcopingda,8.245.90.26
480,briditchdb,81.51.121.156
481,esherrumdc,46.91.210.105
482,aranalddd,55.167.86.135
483,cramsdalede,152.199.195.77
484,nyendledf,154.245.153.197
485,Xzhou,31.145.108.236
486,jhansburydh,89.154.251.162
487,rrymandi,111.40.166.84
488,aalbrechtdj,92.77.146.193
489,kdoriandk,60.235.168.21
490,bknightondl,40.139.188.152
491,gbrettonerdm,86.241.62.100
492,cbhatiadn,218.220.189.203
493,bhedaudo,93.62.52.95
494,ckynnddp,218.198.145.162
495,oldMcDingle,44.63.47.144
496,rcrasterdr,99.142.160.85
497,spettersds,12.31.245.3
498,hsinclardt,13.34.11.62
499,khardypiggindu,212.103.229.33
500,rabledv,171.206.94.99
501,bhousbydw,229.179.55.57
502,rdecourtneydx,104.203.128.158
503,okingswooddy,109.128.201.14
504,dlinnemanndz,85.39.185.173
505,gsholle0,168.118.85.65
506,cdurrancee1,37.62.104.250
507,vleavere2,203.215.8.134
508,jdavenporte3,15.180.245.5
509,btomkinsone4,35.224.169.198
510,dglennye5,238.149.35.40
511,mfinnemoree6,142.207.137.3
512,sritchiee7,158.58.107.186
513,klease8,61.117.164.85
514,dconigsbye9,79.141.92.80
515,lattwaterea,74.142.218.179
516,mpfeffereb,155.179.146.230
517,asissonsec,254.157.158.158
518,hharmestoned,59.201.123.28
519,vwernyee,118.54.14.251
520,rsavatieref,129.128.247.39
521,knorquoyeg,121.183.111.115
522,jbowmeneh,41.113.171.224
523,dbelfieldei,34.15.66.153
524,cmoppettej,173.84.136.218
525,ilileyek,223.138.13.45
526,ktauntonel,2.197.1.152
527,Yfewkesem,206.35.100.219
528,scharten,186.14.74.204
529,aniaveeo,58.213.32.185
530,jmiqueletep,85.198.211.74
531,vwilshineq,138.28.171.111
532,mfullstoneer,146.76.202.62
533,nlobliees,7.203.240.166
534,tpuncheret,219.219.160.72
535,aalabastareu,121.22.87.131
536,wokeefeev,41.103.134.181
537,horetew,54.207.88.214
538,tchastelex,119.30.199.187
539,lrawsoney,84.104.19.61
540,mluthwoodez,26.224.246.126
541,rrobardleyf0,78.16.9.59
542,hlabbaf1,111.31.52.35
543,scartmalef2,232.73.66.167
544,cpregalf3,230.131.120.12
545,bbenallackf4,70.217.125.96
546,gflorencef5,30.211.216.123
547,cbrowerf6,36.127.185.90
548,bseddonf7,212.228.31.118
549,rwilldenf8,159.208.154.148
550,fcrummeyf9,93.242.137.47
551,ravesquefa,138.233.98.77
552,pfochfb,197.227.116.37
553,rwebsterfc,155.101.200.108
554,bmaffeifd,206.16.37.80
555,bkunfe,161.187.186.88
556,mbalderstoneff,156.65.119.22
557,aleederfg,140.203.237.191
558,kbrandenburgfh,30.224.244.170
559,ccollacombefi,12.51.159.97
560,ben-1,171.206.238.5
561,wgrocuttfk,6.234.19.53
562,athelwllfl,1.58.165.41
563,ldoonefm,60.234.200.77
564,rdesportfn,156.209.42.44
565,olervenfo,98.47.70.79
566,kbutrimovichfp,49.192.124.69
567,jzorerfq,102.248.121.243
568,ngilbertsonfr,185.144.183.95
569,melgramfs,19.86.155.154
570,bortigaft,38.61.85.119
571,esabbatierfu,166.100.197.65
572,bneichofv,136.151.77.210
573,lmedwayfw,191.252.116.208
574,pburkettfx,26.230.200.163
575,kdesaurfy,63.38.147.224
576,wlangwadefz,3.11.122.217
577,soconnelg0,109.79.84.240
578,zrihosekg1,57.214.253.157
579,gcivitillog2,255.51.9.95
580,scassimerg3,114.95.111.164
581,wolfgang9212,165.12.22.94
582,SC2222,135.45.219.87
583,giacobonig6,172.184.96.136
584,drippingaleg7,195.227.246.16
585,livyg8,26.141.82.143
586,egarwellg9,167.250.70.163
587,lkittleyga,210.97.251.117
588,ghappsgb,16.74.147.95
589,pshermegc,65.142.141.90
590,bilboTheChillbro,100.53.107.51
591,aduferiege,183.112.167.179
592,thidderleygf,142.24.181.16
593,lrickfordgg,103.152.215.63
594,dhallangh,123.81.177.42
595,mvanderweedenburggi,122.212.220.67
596,vnewlinggj,29.226.153.204
597,talexanderssongk,113.134.123.161
598,tsholemgl,200.22.195.29
599,jpeachergm,42.133.243.97
600,dsquibbsgn,210.105.252.248
601,ayeogo,252.96.189.168
602,dbroadburygp,62.182.171.229
603,jpedicangq,133.145.183.129
604,tmccalumgr,232.136.123.135
605,jrobinetgs,147.73.71.27
606,cgiorgiuttigt,129.197.233.22
607,alineengu,164.12.138.119
608,bookbear_22,230.108.248.7
609,lbaskervillegw,49.26.50.255
610,ljaneckigx,162.160.208.151
611,hramelgy,189.238.68.255
612,garnoultgz,236.54.100.170
613,Hodlonaut,241.148.71.98
614,mscutcheonh1,63.217.191.45
615,dsallingerh2,138.166.160.241
616,tbickerdickeh3,250.23.1.227
617,cmcfaddenh4,253.17.248.32
618,astellmanh5,31.115.49.110
619,mklauberh6,157.22.59.235
620,fchurchouseh7,0.221.22.138
621,Arthur_Hayes,220.41.11.43
622,amacgruerh9,219.53.25.242
623,cshollha,209.174.90.127
624,middkidd,52.3.40.244
625,pbentzhc,7.215.75.151
626,estuthd,248.119.193.26
627,clintonhe,209.66.255.196
628,dlampkinhf,213.140.52.232
629,bbrodesthg,13.229.231.138
630,dbirtleshh,51.183.141.8
631,dcrocombehi,180.44.32.42
632,kill_bill,13.214.228.174
633,pfarnhillhk,61.96.190.131
634,joldlandhl,65.141.75.154
635,cblankhornhm,22.174.179.125
636,tslegghn,244.47.87.211
637,rpieterho,104.100.20.130
638,rcamachohp,20.253.9.60
639,wgolbornhq,23.192.113.17
640,mchidzoyhr,174.217.102.210
641,farmingtonG,118.145.113.6
642,bslocombeht,135.126.100.179
643,awestoffhu,186.13.127.245
644,aralphshv,195.197.21.196
645,gbartolomeazzihw,46.14.230.153
646,kreihillhx,210.220.33.21
647,hdeeblehy,30.237.136.117
648,fhoylehz,63.34.226.216
649,ibielbyi0,247.230.45.26
650,awelchmani1,18.252.209.60
651,stoddi2,129.32.59.127
652,Ryzewskiyoej,65.196.148.182
653,mkorni4,23.46.140.107
654,blelliotti5,194.0.73.51
655,noswadWernda,68.35.144.176
656,vbeigi7,9.41.51.152
657,ifaunchi8,135.72.41.190
658,kcoselyi9,97.9.201.237
659,apoveyia,43.124.51.181
660,acounihanib,66.171.27.11
661,banslowic,236.14.169.178
662,ukitchinid,41.241.143.231
663,ktunbridgeie,31.125.149.189
664,ashipif,116.13.48.13
665,Cronigs,158.114.207.216
666,dsazioih,40.85.20.9
667,ssnodinii,187.157.116.97
668,mcoventonij,148.191.165.210
669,drozyckiik,249.149.131.145
670,Mariesharp2,105.93.141.170
671,rlevermoreim,53.31.199.37
672,cohrtin,6.217.3.23
673,llansdaleio,155.65.204.161
674,apallantip,148.31.146.253
675,jbruckentiq,58.188.231.110
676,lriddleir,30.185.59.64
677,mboydis,2.101.8.89
678,bwoodcraftit,132.140.7.125
679,efortieiu,119.193.83.250
680,sramosiv,156.221.117.185
681,hwiddecombeiw,97.215.185.68
682,gbraccoix,144.112.21.190
683,gburnsiy,60.67.99.169
684,ltilliz,8.129.72.3
685,mwikeyj0,40.97.199.252
686,ptamburoj1,9.134.96.72
687,wg00dridgej2,160.101.158.37
688,nzanucioliij3,1.208.255.230
689,ddrewettj4,174.219.218.89
690,ayakunikovj5,235.34.13.250
691,esandwickj6,74.77.229.28
692,a_moron_7,108.166.59.237
693,vpasmorej8,122.5.36.129
694,lstrawbridgej9,242.196.199.250
695,ldemicolija,125.201.196.125
696,uheimannjb,197.216.138.241
697,mallbrookjc,134.152.61.171
698,flangdalejd,156.92.252.61
699,zpenningje,115.66.97.128
700,tictacJOE,126.56.201.21
701,acircuitjg,87.97.178.146
702,ssalomonjh,139.115.34.81
703,fcrawji,191.146.247.178
704,amaccaigjj,38.182.217.25
705,mmottersheadjk,251.73.35.39
706,mslyfordjl,146.214.84.166
707,mbatecokjm,217.104.7.175
708,ihalbordjn,94.43.150.178
709,fjurgenjo,178.130.246.58
710,amartinetjp,119.0.73.243
711,garnaudonjq,203.124.231.44
712,bcleynaertjr,239.1.206.134
713,lattimoores,83.44.8.142
714,ayarhamjt,203.45.121.67
715,sogrowganeju,189.145.3.84
716,achezellejv,114.173.3.69
717,tglentworthjw,118.57.28.179
718,rmattacksjx,164.177.241.248
719,nmacallanjy,24.135.106.149
720,rminshu11jz,82.105.1.76
721,cdurransk0,147.171.117.163
722,adiackk1,251.232.186.23
723,aginnallyk2,74.72.205.206
724,wbatchelourk3,170.119.165.159
725,dbachurak4,20.173.228.106
726,pdunkertonk5,14.158.229.14
727,tp3asegoodk6,81.175.23.68
728,gnavarrek7,203.75.119.97
729,mmcelhinneyk8,153.119.223.175
730,aaitchesonk9,166.63.102.6
731,jduferka,74.72.200.125
732,bbeavenkb,151.255.239.27
733,divanchenkovkc,172.248.56.133
734,dvardenkd,133.112.254.28
735,Rwiskerke,163.175.155.144
736,hyourHead,204.242.86.150
737,jpaulykg,59.107.5.177
738,mcitrinekh,239.61.236.120
739,lwaterlandki,210.116.245.6
740,ehysomkj,52.232.63.44
741,elehrerkk,177.221.182.110
742,mmansfordkl,192.85.44.186
743,whung,131.95.86.200
744,nhenstridgekn,193.29.143.117
745,mpheazeyko,200.193.6.145
746,nmcgeachiekp,114.183.254.115
747,afoulshamkq,48.184.33.245
748,amarnerkr,243.176.66.85
749,abissikerks,148.110.119.243
750,UnionLax609,41.122.207.228
751,mfurmengerku,223.97.13.51
752,awarcopkv,55.120.176.91
753,ngosartkw,28.111.237.25
754,gpanswickkx,224.26.40.205
755,sabramskyky,133.110.133.160
756,gjenkisonkz,91.192.114.107
757,ghrycekl0,28.84.251.83
758,ddoddemeedel1,102.145.180.13
759,tpacel2,116.202.93.253
760,gronkspike,67.153.169.77
761,spicybulterl4,111.130.55.241
762,gberthel5,84.209.38.123
763,wspreagl6,93.213.72.208
764,cayarsl7,100.61.83.14
765,zcosgryl8,241.179.14.112
766,elillicropl9,204.129.122.117
767,vfeatherstonla,245.212.130.49
768,lnorthcotelb,88.177.145.212
769,brrrrr,221.243.16.89
770,loughtonld,189.203.233.240
771,igyerle,177.140.88.36
772,mbrombelllf,246.17.204.196
773,beasybeasley,37.171.239.171
774,rcoultonlh,242.35.186.170
775,vmccuaigli,46.73.116.121
776,jinnocentilj,101.92.74.80
777,aleregolk,85.8.74.204
778,titzcakll,224.54.132.8
779,ctutilllm,9.166.4.116
780,abradickln,223.6.26.254
781,rpetrillolo,124.23.57.135
782,hdenyakinlp,203.188.244.184
783,dbearwardlq,14.42.178.88
784,psagersonlr,94.233.58.173
785,pvialls,20.173.236.77
786,lbartolomeottilt,92.141.228.238
787,cvandenbroeklu,130.104.238.172
788,mrowlinsonlv,170.64.61.209
789,vdunleavylw,187.175.156.176
790,cmalserlx,26.158.20.205
791,kcadneyly,119.203.159.16
792,rcarlowlz,249.72.68.171
793,edreschem0,205.9.184.227
794,lonzoB,99.24.2.196
795,ksalmondm2,39.237.76.176
796,sinnsm3,106.143.145.135
797,hgomerym4,234.175.38.40
798,nmereweatherm5,52.188.203.2
799,1samC,182.4.138.135
800,kbeavorsm7,64.238.210.17
801,harnoutm8,178.9.254.17
802,lrutherforthm9,250.253.117.183
803,snoyesma,58.164.153.252
804,hduberymb,179.31.146.178
805,lpersencemc,251.187.78.236
806,dublinpublin,225.181.191.249
807,dbeinischme,232.19.200.253
808,srosenzveigmf,77.193.223.88
809,rsimmonitemg,238.42.209.100
810,jmatthesiusmh,158.193.158.125
811,DBarnFields,61.96.83.244
812,rsachermj,227.127.8.209
813,mReedersmk,200.7.4.54
814,bScarmanml,88.124.253.140
815,rDufraymm,84.73.84.123
816,jbrissetmn,127.181.190.13
817,marentsmo,171.3.1.40
818,kharringtonmp,58.102.191.25
819,wboheymq,37.247.167.73
820,srowettmr,129.174.73.146
821,mm0vingms,144.101.128.41
822,qskewsmt,123.247.14.236
823,lnoemu,68.135.219.234
824,aFontellmv,239.155.16.155
825,kdebernardismw,61.200.86.201
826,wgreetXX,215.243.69.15
827,eruffeymy,205.182.158.47
828,mrobeiromz,16.204.231.240
829,ccastellanin0,157.200.107.77
830,mlin_2,166.159.60.101
831,tathown2,214.159.187.196
832,kbroen3,43.245.10.96
833,slunen4,34.231.220.189
834,anoblesn5,96.99.134.139
835,n-rothermeln6,41.216.60.215
836,rupsalen7,180.173.223.150
837,slantuffen8,243.222.66.146
838,o--naceyn9,161.67.118.131
839,jfustna,4.111.157.88
840,2tubs,176.133.22.226
841,osergantnc,88.201.214.25
842,mmulrannd,94.121.246.40
843,mcarikne,89.96.10.247
844,tcheasmannf,112.215.50.158
845,bmarchantng,53.228.25.28
846,luckyduck,149.43.91.44
847,pbenton,111.219.180.120
848,laytonnj,116.42.123.57
849,rchesneynk,47.135.252.39
850,studdenhamnl,241.247.117.127
851,jpotterilnm,192.180.255.253
852,nskerrettnn,160.49.157.125
853,sloundsno,40.9.228.73
854,bshakesbynp,8.243.142.94
855,gmunnsnq,21.241.149.51
856,rfreirenr,118.170.153.195
857,dchalklynS,39.81.31.11
858,Fodonohuent,184.50.224.85
859,Zlatan,254.254.234.43
860,twheelernv,240.165.97.255
861,gmcclunenw,56.157.135.136
862,ibrighamnx,65.131.255.20
863,jhatcherny,163.52.180.194
864,pakeherstnz,12.13.4.94
865,drobecono0,97.195.237.186
866,dconisbeeo1,178.64.14.47
867,ilargento2,15.28.25.210
868,daslotto3,40.66.223.139
869,hcianellio4,55.155.189.14
870,tpichano5,157.97.46.221
871,kshelmerdineo6,132.181.34.156
872,jinskippo7,4.44.32.215
873,kdeetcho8,5.12.57.182
874,rwraggo9,132.138.171.111
875,eogradaoa,4.40.10.156
876,dmenguyob,205.142.115.250
877,ewestphaloc,215.29.131.202
878,kflowethod,37.216.199.84
879,cmcnalleyoe,52.17.125.214
880,kmillarof,49.51.19.165
881,kdenerleyog,48.10.39.116
882,ldambrosiooh,7.154.66.139
883,rlightningoi,159.120.180.41
884,wbrymneroj,239.212.65.76
885,ajoriok,12.181.29.176
886,mberendsol,98.188.54.245
887,twoodnuttom,112.138.184.199
888,cstansbyon,195.53.110.79
889,kfloundersoo,5.19.22.55
890,schallesop,36.90.237.18
891,bgreenieroq,141.128.122.186
892,ccotteror,194.210.132.89
893,mruteros,37.143.189.174
894,gmcgarryot,53.59.9.235
895,dcardou,166.154.253.118
896,eroothamov,90.56.34.219
897,ccrehanow,110.253.11.234
898,pdaddaox,137.111.56.111
899,bridingoy,101.16.182.59
900,jstegelloz,31.126.247.37
901,rsturneyp0,195.91.59.49
902,vjuliffp1,94.166.142.135
903,kswetenhamp2,194.182.87.57
904,srossanderp3,249.11.214.212
905,ttaitp4,4.100.102.111
906,cwyrallp5,188.201.115.194
907,cpedlowp6,222.78.43.49
908,kclancyp7,226.173.136.220
909,mlomasnyp8,144.58.169.180
910,rethridgep9,55.130.219.29
911,adipplepa,11.209.112.66
912,jdungaypb,10.203.28.246
913,mclilverdpc,94.91.143.75
914,kgurwoodpd,101.191.84.185
915,ahouldenpe,19.95.154.207
916,dlearmountpf,184.54.47.138
917,iteazpg,148.88.21.205
918,ascutcheonph,9.130.212.57
919,llawlespi,180.188.158.253
920,blilywhitepj,239.90.15.22
921,edeathpk,8.147.10.72
922,Lapd,44.206.136.171
923,msouthwoodpm,217.169.220.8
924,bparkespn,105.246.58.70
925,mcallenderpo,18.193.141.153
926,lhawkridgepp,161.227.204.252
927,dhechlinpq,8.213.176.39
928,emiddlebrookpr,51.145.10.28
929,lmaindsps,243.19.113.244
930,dlunbechpt,117.46.222.179
931,scaltonpu,23.44.117.240
932,bfinepv,189.4.57.190
933,kpurslowpw,77.158.141.62
934,mclissettpx,45.114.7.73
935,aajsikpy,0.186.164.183
936,mgilbeartpz,14.246.225.150
937,mbienvenuq0,38.211.165.86
938,jyezafovichq1,40.170.50.167
939,cmacpadeneq2,139.66.216.63
940,jfranzenq3,219.28.255.14
941,bstrafenq4,5.143.32.97
942,fbiskupq5,101.90.96.59
943,mschofieldq6,85.34.82.55
944,ltootinq7,239.97.209.255
945,hrastrickq8,7.214.57.166
946,dvaszolyq9,119.160.146.103
947,bkingslyqa,51.194.123.160
948,jgergeqb,233.109.107.27
949,bbrockmanqc,99.38.60.62
950,mdanilovqd,27.201.224.113
951,rrimeqe,246.254.184.175
952,avanbrugqf,110.104.215.126
953,rsalleqg,128.92.241.198
954,acawderyqh,96.5.227.247
955,psparksqi,13.3.189.248
956,iwaylettqj,175.237.203.147
957,ecollumbineqk,182.69.149.55
958,eedrichql,131.66.189.224
959,llordqm,179.112.157.18
960,pgallonqn,246.51.147.203
961,lfeighneyqo,56.60.68.103
962,hmoodyqp,130.129.53.243
963,lbrackenridgeqq,198.39.224.131
964,vstycheqr,104.149.17.9
965,hKernoghanqs,44.73.160.152
966,zbullasqt,123.185.131.182
967,fcatonnequ,123.94.101.0
968,adewisqv,19.84.93.30
969,delesanderqw,108.89.230.17
970,dguyonnetqx,248.50.157.163
971,darrighiqy,5.207.57.83
972,fcrimesqz,220.239.18.248
973,abarkworthr0,228.185.123.39
974,gmattear1,243.175.191.14
975,dgeertzr2,29.155.50.56
976,ashatliffr3,48.214.123.102
977,echittleburghr4,49.155.251.20
978,kpettersr5,159.96.172.131
979,MotorBoaterFodor,28.152.111.248
980,ilaperer7,113.202.76.8
981,Mattharroldr8,59.18.159.52
982,lpoleyer9,207.208.1.150
983,coleshuninra,54.39.185.14
984,lroparsrb,35.193.227.171
985,bananaboat,205.94.175.63
986,gbolgerrd,106.30.96.137
987,dbrasherre,35.194.223.2
988,nbattersbyrf,159.226.25.67
989,rflecknoerg,136.20.160.23
990,scas3y,7.161.88.106
991,mnewissri,244.227.213.175
992,mwisherrj,41.81.151.143
993,rmcauslenerk,99.180.121.96
994,heldersrl,245.242.242.102
995,wvardenrm,128.128.76.187
996,jfairbournern,131.119.147.105
997,glembkero,245.207.254.148
998,hmallisonrp,19.229.225.195
999,ccattie,89.172.220.136
1000,gskirlinrr,221.152.197.165
